,hab,agglomerative_cluster
0,компания,1
1,блог,1
2,разработка,7
3,программирование,4
4,веб,7
5,сайт,7
6,it,9
7,управление,11
8,система,4
9,c,4
10,информационный,5
11,безопасность,5
12,javascript,7
13,мобильный,7
14,приложение,7
15,администрирование,3
16,игра,7
17,системный,3
18,android,7
19,алгоритм,4
20,group,1
21,microsoft,4
22,ru,1
23,net,4
24,data,8
25,open,4
26,проектирование,4
27,ios,7
28,source,4
29,php,4
30,тестирование,4
31,интернет,6
32,java,4
33,технология,3
34,проект,11
35,маркетинг,6
36,инфраструктура,3
37,python,4
38,дизайн,10
39,серверный,3
40,api,4
41,высокий_производительность,4
42,анализ,4
43,сетевой,3
44,карьера,11
45,индустрия,11
46,математика,4
47,персонал,11
48,big,8
49,машинный_обучение,8
50,html,7
51,mail,1
52,css,7
53,интерфейс,10
54,e_commerce,9
55,связь,5
56,продукт,11
57,mining,8
58,ненормальный,4
59,node_js,4
60,гаджет,2
61,обработка_изображение,4
62,сервис,12
63,бизнес_модель,11
64,криптография,1
65,windows,4
66,настройка_linux,3
67,gtd,11
68,usability,10
69,рефакторинг,4
70,стандарт,5
71,unity3d,7
72,аналитика,6
73,nix,3
74,повышение_конверсия,6
75,azure,4
76,яндекс,4
77,sql,4
78,исследование_прогноз,9
79,intel,4
80,бизнес,11
81,монетизация,6
82,робототехника,2
83,хранение_данный,3
84,positive_technologies,1
85,развитие_стартап,11
86,продажа,11
87,финансы,9
88,visual_studio,4
89,платежный,4
90,zfort,7
91,компьютерный_железо,2
92,виртуализация,3
93,jug,4
94,медиа,6
95,поисковый,12
96,законодательство,11
97,совершенный_код,4
98,функциональный,4
99,контент,6
100,учебный_процесс,9
101,визуализация_данные,8
102,сообщество,11
103,смартфон,2
104,windows_phone,4
105,ruby_on,4
106,growth_hacking,6
107,браузер,4
108,данные,5
109,венчурный_инвестиция,11
110,google,4
111,вещь,4
112,реверс_инжиниринг,4
113,занимательный_задачка,4
114,objective,7
115,хостинг,3
116,angular,4
117,спортивный,4
118,devops,3
119,компилятор,4
120,микроконтроллер,4
121,профессиональный_литература,4
122,qt,4
123,ооп,4
124,reactjs,4
125,геоинформационный_сервис,4
126,go,4
127,pvs_studio,4
128,параллельный,4
129,оптимизация,12
130,postgresql,4
131,sql_server,4
132,издательский_дом,4
133,питер,4
134,cms,4
135,asp,4
136,agile,11
137,google_chrome,4
138,1cloud,9
139,cisco,3
140,eset_nod32,5
141,assembler,4
142,linux,4
143,отладка,4
144,asterisk,5
145,swift,7
146,игровой_приставка,2
147,nosql,4
148,хранилище_данные,3
149,mysql,4
150,космонавтика,2
151,промышленный,4
152,облачный_вычисление,3
153,jquery,4
154,обмен_сообщение,4
155,беспроводный,3
156,oracle,1
157,фриланс,11
158,django,4
159,rails_ruby,4
160,резервный_копирование,3
161,читальный_зал,9
162,медийный_реклама,6
163,ruvds_com,5
164,crm,11
165,services,4
166,ита_град,3
167,лаборатория_касперский,1
168,контекстный_реклама,6
169,amazon_web,4
170,r,8
171,графика,10
172,apps4all,7
173,opera,2
174,1с_битрикс,4
175,инфопульс_украина,4
176,jetbrains,4
177,ltd,7
178,iti_capital,1
179,edison,9
180,открытый_данные,8
181,alconost,9
182,e_legion,7
183,ua_hosting,5
184,company,5
185,erp,11
186,scala,4
187,plarium,7
188,github,4
189,ibm,1
190,everyday_tools,12
191,git,4
192,графический,10
193,pentestit,1
194,badoo,1
195,история,2
196,клиентский_оптимизация,4
197,семантика,1
198,восстановление_данный,3
199,база,3
200,работа_видео,1
201,s,2
202,saas_s,2
203,планшет,2
204,yii,4
205,delphi,4
206,3cx_ltd,3
207,symfony,4
208,мука,3
209,kotlin,4
210,антивирусный_защита,3
211,крок,5
212,mba_consult,9
213,perl,1
214,ruby,4
215,tdd,4
216,передача,5
217,ar_vr,1
218,voximplant,4
219,firefox,4
220,социальный_сеть,9
221,luxoft,1
222,rust,4
223,ecm_сэд,9
224,canvas,4
225,veeam_software,3
226,cad_cam,4
227,rails,4
228,энергия_элемент,2
229,питание,2
230,digital_security,1
231,инициатива,6
232,intersystems,1
233,king_servers,3
234,фонд_развитие,6
235,конференция,12
236,epam,4
237,paysto,9
238,parallels,9
239,вконтакте,4
240,брендинг,6
241,fpga,4
242,byyd,6
243,abbyy,1
244,работа_3d,10
245,software,11
246,payonline,9
247,dataart,1
248,ctf,1
249,глобальный,4
250,позиционирование,4
251,версия,4
252,southbridge,3
253,wordpress,4
254,mongodb,4
255,2гис,4
256,работа_звук,1
257,мосигра,9
258,help_desk,11
259,os_x,7
260,россия,3
261,старый_железо,2
262,конференция_олег,5
263,бунин_онтико,5
264,haskell,4
265,3d_принтер,2
266,webgl,4
267,wolfram_research,4
268,научно-популярный,2
269,терминология,11
270,acronis_inc,5
271,panda_security,3
272,космонавтика_научно-популярный,0
273,типографика,10
274,service_desk,11
275,redmadrobot,7
276,расширение_браузер,4
277,erlang_otp,4
278,laravel,4
279,wargaming,1
280,краудфандинг,2
281,vivaldi_technologies,4
282,lua,1
283,as,4
284,ноутбук,2
285,surfingbird,12
286,nix_solutions,1
287,kamagames_studio,7
288,adobe_flash,4
289,копирайт,9
290,хакатон,2
291,софт,9
292,devexpress,1
293,операционный,2
294,университет_итмо,9
295,работа_векторный,10
296,rambler_co,4
297,pechkin_com,12
298,enterprise,3
299,hewlett_packard,3
300,биотехнология,2
301,прототипирование,10
302,патентование_законодательство,11
303,сборка,4
304,testutor,9
305,фототехника,2
306,dell_emc,5
307,unreal_engine,7
308,cloud4y,3
309,вымпелком_билайн,1
310,флант,3
311,децентрализованный_сеть,3
312,lisp,4
313,d,4
314,railsclub,4
315,wrike,9
316,icanchoose,11
317,trinion,9
318,xcode,7
319,верстка_письмо,1
320,eastbanc_technologies,1
321,облачный,2
322,круг,11
323,devconf,1
324,фонд_reactos,4
325,tinkoff,1
326,smartprogress,9
327,железо,2
328,maps,4
329,sqlite,1
330,физика_космонавтика,2
331,appodeal,12
332,tizen,7
333,ajax,4
334,ruward,12
335,искусственный_интеллект,2
336,openstreetmap,4
337,lab,8
338,scada,4
339,people,1
340,icl_services,9
341,avito,1
342,регулярный_выражение,1
343,mono_moonlight,4
344,inc,9
345,пиариваться,2
346,инфосистема_джет,5
347,космонавтика_черный,2
348,необит,1
349,web_payment,9
350,дыра,2
351,lumia,1
352,groovy_grails,1
353,gpgpu,4
354,palitrumlab,12
355,new_professions,8
356,спбау,1
357,продвижение,6
358,mirantis_openstack,1
359,team,4
360,action_script,4
361,kolibrios_project,4
362,smartgadget,2
363,dataline,3
364,carrot_quest,6
365,хосттрекер,5
366,kickidler,9
367,sharepoint,1
368,физика,2
369,кодобред,4
370,логомашина,10
371,айти_лекс,11
372,accessibility,10
373,черный_дыра,2
374,графический_оболочка,4
375,sphinx,2
376,версия_git,9
377,биллинговый,4
378,yota,5
379,internet_explorer,1
380,sendpulse,6
381,вшби_менеджмент,6
382,игровой,6
383,нордавинд,1
384,гк_ланит,9
385,innopolis_university,1
386,science,8
387,engine,4
388,xml,4
389,ipv6,3
390,сервер_молла,3
391,nginx,3
392,лаборатория,4
393,vim,1
394,образование_рубеж,9
395,аудиомания,9
396,журнал_хакер,1
397,доменный_имя,3
398,meteor_js,4
399,vas_experts,3
400,mobio,6
401,eclipse,4
402,спам_антисп,3
403,hexlet,4
404,google_app,4
405,elixir_phoenix,4
406,настольный_компьютер,2
407,мегафон,5
408,yagla,6
409,cbs,3
410,solar_security,2
411,cocoa,7
412,супереон,11
413,studio,11
414,селектел,5
415,работа_иконка,10
416,embarcadero_borland,1
417,io,1
418,нанософт,4
419,samsung,7
420,актив,1
421,mac_os,2
422,sap,1
423,видеокарта_компьютерный,2
424,x,2
425,stepik_org,1
426,regionsoft_developer,11
427,gemalto_russia,2
428,drupal_cms,1
429,headhunter,1
430,office,4
431,technologies,2
432,транспорт_будущее,2
433,powershell,3
434,postgres_professional,1
435,touch_instinct,7
436,hosting_cafe,3
437,dns,3
438,нетология,1
439,одноклассник,1
440,zend_framework,1
441,promwad,1
442,xcode_swift,7
443,локализация_продукт,9
444,diy_сделать,2
445,html_academy,1
446,diop,7
447,papa_buba,7
448,dart,1
449,centrobit,9
450,atlassian,4
451,kanobu_network,1
452,отус,5
453,alee_software,9
454,носить_электроника,2
455,webcanape,9
456,суперкомпьютер,2
457,скб_контур,1
458,фрешдок,11
459,svam_systems,9
460,процессор,2
461,тechmedia,9
462,ts_solution,3
463,secl,1
464,drupal,1
465,регулирование,9
466,яндекс_деньги,9
467,райффайзенбанк,9
468,эфо,4
469,ultima,9
470,russia,3
471,kokoc,12
472,доксвижный,9
473,flyelephant,8
474,альфа-банк,1
475,facebook,4
476,культура,1
477,ciklum,1
478,пилот,12
479,san,3
480,firebird_interbase,4
481,программа_единый,4
482,фронтальный,4
483,euler2012_com,4
484,onlyoffice,1
485,alawar_entertainment,1
486,киберсофт,1
487,me,12
488,pg_day,3
489,pushall,1
490,патентование,9
491,nevosoft,1
492,pdf,1
493,codeorchestra,1
494,gotech_vc,9
495,тechmedia_хабрахабр,2
496,аскон,1
497,ита_гильдия,11
498,компьютерный_анимация,10
499,geekbrains,1
500,enterra,1
501,периферия,2
502,hflabs,2
503,smart_soft,1
504,нтц_метротек,1
505,лайв_тайпинг,1
506,varonis_systems,5
507,rootua_media,1
508,нанотехнология,2
509,scrumtrek,9
510,centric_alliance,8
511,boosta,12
512,dca,8
513,техносерв,3
514,skyeng,1
515,softmart,4
516,электроника_начинающий,2
517,мозг,2
518,sailfish_os,1
519,doctrine_orm,4
520,allcorrect,1
521,зарцын_партнер,9
522,qiwi,2
523,статистика,9
524,собака_павлова,1
525,dental_cloud,9
526,smart_engines,1
527,wunder_fund,1
528,uml_design,4
529,видеотехника,2
530,автомобильный_гаджет,2
531,ооо_цит,4
532,emacs,1
533,анонс,2
534,hola,1
535,smalltalk,1
536,tceh,1
537,haulmont,2
538,twitter,1
539,д,5
540,аладдин_р,5
541,iptelefon,12
542,1с,9
543,fujitsu,5
544,накопитель_компьютерный,2
545,библиотека_extjs,2
546,sencha,2
547,sim_networks,3
548,аркадий,1
549,magento,1
550,forth,1
551,simbirsoft,1
552,i2p,1
553,институт_мфти,9
554,московский_физико-технический,9
555,сектор,9
556,comptek,5
557,softline,5
558,infobip,12
559,ivideon,1
560,rainbow,1
561,ямбокс,12
562,cgi_график,10
563,bitfury,2
564,mesh_сеть,2
565,киберспорт_периферия,0
566,firstvds_firstdedic,5
567,gva,9
568,huawei,5
569,хабрахабр_анонс,2
570,rocket_callback,12
571,краудфандинг_краудсорсинг,1
572,культура_открытый,5
573,cognitive_technologies,2
574,codeigniter,1
575,мультикоптер_робототехника,1
576,brand_analytics,12
577,электронный_правительство,9
578,embox,1
579,omnidesk,9
580,i_free,1
581,apache,3
582,apache_flex,1
583,edge,1
584,astoundcommerce,9
585,superjob,1
586,solidity,2
587,iis,1
588,itsumma,5
589,оболочка,3
590,qrator_labs,5
591,com,2
592,fortran,1
593,офис,9
594,inoventica_services,1
595,derby_js,1
596,мастер_кит,1
597,infobox,5
598,safari,1
599,cloud_platform,4
600,golovachcourses,1
601,лайфхаки_гик,2
602,flashphoner,1
603,ukit,2
604,туту_ру,1
605,latex,1
606,петер,2
607,at_consulting,2
608,naumen,1
609,makeright,9
610,хабрахабр,2
611,здоровье_гик,2
612,infowatch,9
613,mlclass,1
614,црт,5
615,центр_речевой,5
616,geekfamily,1
617,мультикоптер,2
618,онлайн_школа,2
619,calltouch,12
620,englishdom,2
621,devrain_solutions,1
622,greasemonkey,1
623,devtodev_аналитика,12
624,databoom,1
625,uis,5
626,доминанта,1
627,joomla,1
628,matreshka_js,1
629,webo,5
630,дарудар,9
631,emercoin,5
632,умный_дом,2
633,virtuozzo,5
634,инфографика,2
635,звук,2
636,brainfuck,1
637,латер_софтвер,1
638,vuejs,1
639,накопитель,2
640,видеокарта,2
641,ringcloud,9
642,мозг_искусственный,2
643,phalcon,1
644,silverlight,1
645,видео,2
646,unity_technologies,1
647,evernote,1
648,стартапов,9
649,uidg,1
650,вирусдавать,1
651,cashmyvisit,12
652,payler,1
653,zavod,9
654,web_toolkit,1
655,usedesk,9
656,bi_zone,1
657,reg,1
658,iptv,5
659,синезис,2
660,meanotek,1
661,mobileup,1
662,wiki,2
663,сжатие_данный,3
664,gridgain,1
665,школа_goto,1
666,liteorder,12
667,электронный_офисный,2
668,краудсорсинг,2
669,user,1
670,okdesk,9
671,хакспейс_neuron,1
672,raidix,3
673,мтс,5
674,kohana,1
675,kato_im,1
676,hamster_marketplace,9
677,нерепетитор_ру,1
678,stss,5
679,любить_ипать,1
680,triggmine,12
681,эрливидео,2
682,zadarma,9
683,neurodata_lab,1
684,биография_гик,2
685,микроформат,1
686,datawiz_io,1
687,realweb,12
688,lingualeo,1
689,comparex,5
690,turbomilk,2
691,лазер,2
692,сибирикс,1
693,ооо_русый,2
694,pixonic,5
695,redhelper,12
696,fondy,1
697,гк_ртл,2
698,zabbix,5
699,okmeter_io,5
700,московский_биржа,1
701,электронный_коммерция,2
702,мега_accelerator,9
703,монитор_тв,2
704,оборудование,2
705,communications,2
706,jelastic,1
707,withme,9
708,recognitor,1
709,retail_rocket,1
710,chronopay,2
711,advertone,1
712,позвонить,12
713,ivi,2
714,эшелон,1
715,ib,1
716,airbnb,1
717,yadro,1
718,mindbox,1
719,визардс,2
720,онлайн_кинотеатр,2
721,hopox,12
722,witget,12
723,templatemonster_russia,1
724,ibs,5
725,кечинов,2
726,integration,2
727,студия_михаил,2
728,crystal_service,2
729,uprock,1
730,imagecms,1
731,перспективный_мониторинг,1
732,презентация,1
733,phpshop_software,1
734,сквадр_груп,5
735,hero,2
736,zero_to,2
737,научный_фантастика,2
738,wayforpay,1
739,perezvoni_com,12
740,научно-популярный_нанотехнология,2
741,modx_cms,0
742,caspowa,1
743,box_overview,1
744,zimbra,5
745,новый_облачный,1
746,интеллин,1
747,астрономия,2
748,easla_com,9
749,digital,2
750,ultravds,5
751,exante,1
752,ringostat,12
753,lawboot_lawyers,9
754,consultants,9
755,telebreeze_corporation,1
756,cackle,1
757,tibbo,1
758,тостер,9
759,mercurial,2
760,криптовалюта,1
761,quickme_saas,2
762,s_s,2
763,сектор_копирайт,2
764,латер_планадо,9
765,киберпанк,2
766,медиаплеер,2
767,код,1
768,ростелеком,1
769,singularis,1
770,custis,1
771,altweb,1
772,ооо_илада,9
773,plesk,5
774,callbackkiller,12
775,sipuni,1
776,netcracker,1
777,lenovo,5
778,gtk,1
779,regberry,9
780,sony_mobile,2
781,технотроникс,0
782,prolog,1
783,potok,9
784,scorocode,1
785,driverpack_solution,1
786,what3words,2
787,xslt,1
788,ассоциация_isdef,9
789,games,12
790,доктор,5
791,логический,2
792,onebox,9
793,мозг_биотехнология,1
794,center,9
795,digital_rights,9
796,payoneer,1
797,itoolabs,2
798,access,1
799,xslt_xml,1
800,mobile_business,2
801,invola,12
802,кодабра,1
803,ichar,9
804,рекрутинговый,9
805,xim_ximad,1
806,интеллект,2
807,virgil_security,2
808,adv_web,2
809,engineering_co,2
810,theonlypage,1
811,istodo,1
812,mclouds,5
813,flexbby,9
814,lokalise,1
815,mobile_dimension,1
816,агентство_agima,9
817,vps,2
818,бюро_копирайтинг,12
819,textbroker,12
820,сбербанк,1
821,zeptolab,1
822,скрипт_продажа,9
823,targetix,1
824,symantec,1
825,cleantalk_anti,2
826,коллхелпер_конструктор,9
827,spam,2
828,эмиграция,9
829,onemarkt,1
830,информзащита,5
831,itsm,9
832,bloxy,1
833,fvd_media,1
834,impro,1
835,studyqa,1
836,краудсорсинг_wiki,1
837,deskun,9
838,версия_mercurial,1
839,token2_com,1
840,студия_трейлер,2
841,javarush,1
842,playrix,1
843,парк,2
844,tottоli_gsm,1
845,гау_ита,2
846,simtech_development,1
847,defconru,0
848,ассоциация_ambar,2
849,фрилансим,9
850,wix_com,1
851,philtech_акселератор,9
852,yougile,9
853,rootwelt,1
854,arduino,2
855,мтт,1
856,евростудио,12
857,likeastore,1
858,школа,2
859,vcstart_com,1
860,unigine,1
861,тензор,2
862,lifestreet_media,1
863,ispsystem,2
864,autodesk_cad,2
865,cam,2
866,email_competitors,12
867,lisp_emacs,0
868,generate_club,1
869,киберспорт,2
870,celecom,1
871,yota_devices,1
872,k_meleon,2
873,listpr,12
874,wapstart,1
875,brandmaker_russia,1
876,атол,1
877,будущее,2
878,master_up,1
879,carprice,1
880,julia,1
881,русский_команда,2
882,интемс,1
883,mars_information,9
884,business_infinity,5
885,универсариум,0
886,netangels,1
887,дневник_ру,0
888,evil_martians,1
889,modx,1
890,labview,0
891,safedata,5
892,поборчего,2
893,тренинг_роман,2
894,кнопка,5
895,интеллект_биотехнология,2
896,pravo,2
897,changellenge,9
898,learzing,1
899,slidary,1
900,alloy_software,5
901,maxifier_development,1
902,cake,12
903,take_the,12
904,айдеко,0
905,webasyst,1
906,гк_современный,9
907,aflexdistribution,5
908,бурук,1
909,защита,2
910,truevds,1
911,macroscop,1
912,центр,2
913,etegro,2
914,crossover,9
915,ptysh,1
916,ита,1
917,ostrovok,1
918,hot_dot,2
919,production,2
920,align_technology,1
921,кельник,0
922,цифровой_оружие,2
923,creative_commons,9
924,энергослон,9
925,nutanix,5
926,solutions,2
927,тринити,1
928,схемотехника,2
929,дойч_банк,2
930,credit_card,1
931,post_hawk,1
932,schneider_electric,5
933,toptechphoto,1
934,ruvpn,0
935,изучение_язык,1
936,метнуться_кабанчик,1
937,talktochef,9
938,llc_tik,2
939,funcorp,1
940,технологический_центр,2
941,netcat,1
942,modx_livestreet,0
943,corp,2
944,инфотекс,0
945,krita_foundation,1
946,spice,2
947,recruitment,2
948,advanserv,1
949,online,2
950,персонализация,1
951,ibm_bluemix,0
952,anetika,0
953,релэкс,1
954,расчетный_центр,2
955,tok_coach,2
956,практик,2
957,vps_house,5
958,lpcloud,1
959,otr_to,1
960,контел,5
961,производство,2
962,электроника,2
963,айти,1
964,odin_ingram,2
965,apps,2
966,madrobots,0
967,workly,1
968,процесс,2
969,geek_to,2
970,рубеж_учебный,2
971,the_future,2
972,dm_labs,1
973,systems,2
974,itrabota_образование,2
975,micro,2
976,paymentwall_inc,0
977,втб,1
978,speakasap,1
979,mr_gefest,1
980,prostoy_business,1
981,backendless,1
982,ubank,1
983,apptractor,1
984,интервью,1
985,cloudsnn,1
986,mycroft_business,2
987,audiocodes,1
988,zerotech,1
989,avo,1
990,mdk,1
991,генератор,2
992,roi4cio,1
993,media,2
994,открытие,1
995,вуз,2
996,chateam,1
997,seiko,2
998,electronics,2
999,tp,5
1000,mytaskhelper,0
1001,comet,2
1002,сканкод,1
1003,teamdesk,1
1004,star,2
1005,readyscript,1
1006,моддинг,1
1007,medgadgets,1
1008,levelpride,9
1009,kinderfox,0
1010,м,2
1011,epson,2
1012,инновационный,1
1013,infostart,1
1014,fabernovel,0
1015,aacidov,1
1016,lg,2
1017,link,5
1018,травелат,9
1019,rozetked,1
1020,ffcms,1
1021,сканпорт,1
1022,surprise,2
1023,viber,1
1024,расписание,2
1025,химия,2
1026,system,2
1027,corel,2
1028,tradingview,0
1029,bitcalm,1
1030,скаут,2
1031,pokupo,9
1032,my,2
1033,llp,2
1034,exodus,2
1035,scrumguides,0
1036,404hub,1
1037,телеком,2
1038,usabilitylab,1
1039,nanofl,1
1040,поиск,2
1041,serverclub,0
1042,genue,2
1043,corporation,2
1044,москва,2
1045,staply,1
1046,unisender,1
1047,атс,2
1048,онлайн,2
1049,лид,9
1050,itmozg,0
1051,lead4crm,9
1052,studios,2
1053,pnn,0
1054,anvil,12
1055,дита,2
1056,trackduck,0
1057,infolust,2
1058,компьютер,2
1059,нпо,2
1060,ackuna,2
1061,pixli,1
1062,миджет,1
1063,студия,2
1064,гк,2
1065,security,2
1066,teradata,0
1067,redsys,1
1068,instudies,2
1069,yard,2
1070,сотовый,1
1071,atlex,5
1072,digistr,1
1073,nodasoft,0
1074,pomodoro,1
1075,тонк,0
1076,ulmart,2
1077,textocat,1
1078,юлмарт,2
1079,лаб,2
1080,фаматека,0
1081,сталкер,1
1082,dronk,2
1083,allmychanges,2
1084,etf,2
1085,twisted,0
1086,finex,2
1087,инфорион,1
1088,credit,2
1089,телфин,1
1090,финтек,2
1091,фаба,2
1092,megavisor,1
1093,миран,2
1094,дата,2
1095,virt2real,1
1096,flowwow,1
1097,cakephp,1
1098,городор,1
1099,wayray,1
1100,round,2
1101,юлла,9
1102,livestreet,1
1103,whisper,2
1104,larian,2
1105,advantshop,0
1106,llc,2
1107,sports,0
1108,хаус,2
1109,квест,2
1110,classroom,2
1111,nekki,2
1112,kodicms,1
1113,beetleplay,0
1114,topic,1
1115,sh,2
1116,eviterra,0
1117,vds,2
1118,grrow,2
1119,arts,2
1120,flprog,1
1121,grabduck,2
1122,mobilizetoday,1
1123,total,2
1124,idcee,1
1125,перфоманс,2
1126,lake,2
1127,кварта,1
1128,zeptobars,0
1129,trinity,2
1130,sourcetalk,0
1131,starxoft,0
1132,webfont,1
1133,aviasales,0
1134,z,2
1135,mastercard,0
1136,afi,2
1137,bright,2
1138,distribution,2
1139,openstat,0
1140,hostkey,1
1141,freeamp,0
1142,украина,2
1143,navicon,1
1144,box,2
1145,advapay,0
1146,линчер,0
1147,english,2
1148,menu,2
1149,puzzle,2
1150,comagic,1
1151,zyxel,5
1152,techmas,0
1153,бонджойн,0
1154,krible,1
1155,vexorci,1
1156,universe,1
1157,hays,2
1158,teachbase,9
1159,aori,0
1160,d2c,5
1161,netrack,1
1162,баласс,2
1163,pro,2
1164,ко,2
1165,монастырев,2
1166,dсoin,1
1167,diafan,1
1168,клуб,2
1169,wizartech,1
1170,мегалент,2
1171,tuthost,1
1172,cjdns,2
1173,payu,1
1174,computers,2
1175,depo,2
1176,cbca,0
1177,лекториум,0
1178,related,2
1179,style,1
1180,devtodev,1
1181,элар,2
1182,notissimus,0
1183,корпорация,2
1184,getintent,0
1185,dockstation,1
1186,raindrop,1
1187,free,2
1188,высокий,2
1189,edusty,1
1190,итис,2
1191,манго,2
1192,sale,2
1193,consulting,2
1194,sas,1
1195,арнион,1
1196,работа,2
1197,saas,2
1198,livetex,0
1199,convead,0
1200,асинхронный,2
1201,senetsy,1
1202,учетный,2
1203,звезда,0
1204,room,2
1205,foundation,2
1206,simplepay,0
1207,кфу,2
1208,meople,2
1209,mneniya,2
1210,ай,2
1211,game,2
1212,теко,2
1213,starni,2
1214,autodesk,1
1215,политех,0
1216,samtrest,0
1217,est,2
1218,государственный,1
1219,cdnvideo,1
1220,iplexgroup,0
1221,clovertel,1
1222,офлайн,2
1223,everslide,1
1224,coworking,2
1225,программист,2
1226,бп,2
1227,симулятор,2
1228,unolabo,0
1229,staffcounter,1
1230,мойсклад,1
1231,mobidev,0
1232,solar,2
1233,uxdepot,0
1234,hpc,2
1235,innovations,2
1236,hub,2
1237,fetchee,0
1238,продленка,0
1239,kwork,0
1240,фбк,1
1241,allcountjs,0
1242,3d,2
1243,cti,2
1244,русский,2
1245,навигационный,2
1246,playtestix,1
1247,netwrix,0
1248,fabbers,0
1249,m2m,2
1250,qb,2
1251,3m,1
1252,киберленинка,0
1253,western,5
1254,консорциум,2
1255,кодекс,2
1256,главстарт,1
1257,бринго,1
1258,iseo,0
1259,bm,2
1260,energy,2
1261,конструктор,2
1262,cloud,2
1263,dream,2
1264,industries,2
1265,technology,2
1266,staff,2
1267,unet,1
1268,eagleriver,1
1269,officerecovery,0
1270,амперок,1
1271,datarc,1
1272,kidsreview,0
1273,sebbia,0
1274,talentboard,9
1275,sketchbuilder,0
1276,napartner,1
1277,artec,2
1278,софтлаб,1
1279,квантовый,1
1280,coub,1
1281,castle,1
1282,вос,1
1283,deiteriy,0
1284,turnkey,1
1285,ecommerce,1
1286,youvend,0
1287,spottle,0
1288,pbx,2
1289,zeon,1
1290,rangg,0
1291,knoema,0
1292,code,2
1293,kerio,1
1294,rusonyx,0
1295,fastvps,1
1296,etna,1
1297,niceplay,1
1298,avi,0
1299,dom24x7,0
1300,esoft,1
1301,адаптивный,1
1302,sdn,0
1303,n,2
1304,системс,1
1305,datacore,1
1306,simpleweek,0
1307,startup,1
1308,етранспорт,0
1309,мамба,0
1310,kids,2
1311,coviolations,1
1312,express,0
1313,getwear,0
1314,sigrand,0
1315,maxilect,0
1316,docdoc,0
1317,design,1
1318,appgranula,0
1319,monitor,1
1320,док,1
1321,story,1
1322,вкарман,0
1323,webnames,0
1324,top,1
1325,сфера,1
1326,qubequ,0
1327,pyrus,0
1328,дримкас,0
1329,maximatelecom,1
1330,хакспейс,2
1331,мерчиум,0
1332,аэробие,0
1333,priceplan,0
1334,sup,2
1335,roem,0
1336,deploy4me,1
1337,альтегро,0
1338,записываться,1
1339,rutube,0
1340,cubrid,1
1341,unicloud,1
1342,business,1
1343,itbursa,0
1344,instreamatic,0
1345,darta,1
1346,voips,0
1347,navigine,0
1348,fintech,1
1349,mobile,2
1350,банкфильтр,0
1351,ml,2
1352,altegrocloud,0
1353,beget,0
1354,онлайм,0
1355,minirobot,2
1356,geeks,1
1357,навигатор,1
1358,robot,1
1359,маркет,1
1360,insight,1
1361,почтовый,2
1362,бланк,2
1363,рф,2
1364,ksenmart,1
1365,супернов,0
1366,ppbbxx,2
1367,виэмти,2
1368,mootools,1
1369,meduza,1
1370,dev,1
1371,ant,0
1372,test,2
1373,the,2
1374,text,2
1375,scriptogenerator,1
1376,ucweb,0
1377,группа,2
1378,iridium,2
1379,youdo,0
1380,skybase,0
1381,афиша,2
1382,рамблер,2
1383,рэмо,0
1384,mono,0
1385,penxy,0
1386,inline,1
1387,acumatica,0
1388,cobol,1
1389,flapmyport,0
1390,visual,2
1391,prflr,0
1392,авиагик,0
1393,rizzoma,1
1394,праймтолк,0
1395,наука,2
1396,tmaxsoft,1
1397,shopozz,1
1398,простой,2
1399,wave,2
1400,globaldots,0
1401,small,2
1402,basic,2
1403,ecwid,0
1404,itrabota,1
1405,brain,1
1406,art,2
1407,2can,0
1408,chooos,1
1409,коворкинг,2
1410,samurai24,0
1411,рабочий,2
1412,orienteer,0
1413,percolator,1
1414,lab4u,0
1415,сми2,0
1416,dokkur,0
1417,облакотека,0
1418,timera,1
1419,seopult,0
1420,riddut,1
1421,iqplanner,1
1422,hideninja,0
1423,macte,0
1424,payanyway,0
1425,page,2
1426,кубака,0
1427,generations,0
1428,recfaces,0
1429,textolite,0
1430,october,2
1431,landing,2
1432,создание,2
1433,биржа,2
1434,contenta,1
1435,e,1
1436,beetle,1
1437,viewaide,0
1438,oriense,0
1439,little,1
1440,besmart,0
1441,станция,2
1442,achiever,0
1443,oversun,1
1444,mobi,1
1445,semrush,0
1446,сместанаместо,0
1447,цифралаб,1
1448,isystems,0
1449,tuffle,0
1450,ministry,1
1451,krob,1
1452,гдепаркинг,0
1453,zoom,1
1454,shopconf,1
1455,hackstore,0
1456,исследование,2
1457,перспективный,2
1458,кубкамп,0
1459,willdev,0
1460,фонд,2
1461,tv,1
1462,preply,0
1463,payture,0
1464,interaktiv,1
1465,cleverpumpkin,0
1466,открытый,0
1467,фактор,0
1468,indexisto,0
1469,груп,0
1470,ntechlab,0
1471,lookfun,0
1472,mobisoft,0
1473,callsfreecalls,1
1474,mindfields,0
1475,обещание,0
1476,викимедиа,1
1477,devim,0
1478,dou,1
1479,smscoin,0
1480,ecoisme,0
1481,eleven,0
1482,ру,1
1483,шопинг,0
1484,хотридер,0
1485,bada,0
1486,универ,0
1487,electromobiler,0
1488,arcserve,0
1489,limited,1
1490,digitalsecuritylab,0
1491,taucraft,0
1492,айхора,0
1493,farm,0
1494,reefeed,0
1495,parking,0
1496,флоксить,0
1497,сантить,0
1498,vert,1
1499,timevizor,1
1500,fairbear,0
1501,materialise,0
1502,www,1
1503,globatel,0
1504,dider,1
1505,ilkfinkom,0
1506,smartreading,0
1507,ua,1
1508,hgst,0
1509,swarm,0
1510,geometria,0
1511,button,0
1512,quickme,0
1513,zte,0
1514,kidmastermind,0
1515,cetrine,0
1516,braingems,0
1517,fast,1
1518,rookee,0
1519,lane,2
1520,acer,0
1521,gitfund,0
1522,nimax,0
1523,broadcaster,1
1524,prettytasks,0
1525,экология,0
1526,mac,1
1527,rentalist,1
1528,smartmarket,0
1529,nomobile,0
1530,rubetek,0
1531,splitmetrics,0
1532,metaquotes,1
1533,tapki,1
1534,premmerce,0
1535,dato,0
1536,binary,1
1537,happy,0
1538,district,1
1539,bankrot,1
1540,flamp,0
1541,alternativaplatform,0
1542,profit,0
1543,renderjs,0
1544,wizee,0
1545,irupay,0
1546,кобрендинговый,1
1547,национальный,0
1548,intminds,0
1549,defa,1
1550,futubra,0
1551,свозить,0
1552,айкен,0
1553,ventures,2
1554,хардмастер,0
1555,невсем,0
1556,document,1
1557,coldsnipe,0
1558,lazerto,0
1559,svable,0
1560,нтц,0
1561,вулкан,0
1562,payment,2
1563,cс,2
1564,kyocera,1
1565,mangomag,0
1566,поселок,1
1567,lucky,0
1568,tee,0
1569,agency,1
1570,astrio,1
1571,сюрфо,0
1572,медгаджет,0
1573,monitoring,0
1574,signal,0
1575,бессвязный,0
1576,девелопа,0
1577,up5,0
1578,iphone,0
1579,планета,0
1580,nettle,0
1581,ifube,0
1582,academy,0
1583,soko,0
1584,searchanise,0
1585,uppza,1
1586,ninjamock,0
1587,юнитмобайл,0
1588,пашка,0
1589,робот,0
1590,рик,0
1591,giveaways,0
1592,bipulse,0
1593,monosnap,0
1594,blippex,0
1595,towave,0
1596,idea,1
1597,comerando,0
1598,wins,0
1599,qsoft,0
1600,dr,0
1601,tariff,0
1602,ruholding,0
1603,издание,0
1604,иэмбиси,0
1605,банк,1
1606,ренессанс,1
1607,кредит,1
1608,fbq,0
1609,activecloud,0
1610,fresh,0
1611,factory,0
1612,platform,1
1613,постнаука,0
1614,picktime,0
1615,сумма,0
1616,bughunt,0
1617,komtet,0
1618,техновация,0
1619,кубок,0
1620,flatmania,0
1621,zorka,0
1622,meanwhile,0
1623,play,0
1624,soft,0
1625,carbon,0
1626,вимок,0
1627,prolan,0
1628,point,1
1629,грус,0
1630,sitesecure,0
1631,номер,0
1632,anylanguage,0
1633,креативный,2
1634,tracks,0
1635,mailget,0
1636,tornado,0
1637,rzltt,0
1638,psyproblems,0
1639,biz,1
1640,supl,0
1641,flow,0
1642,урбанизм,0
1643,мышление,2
1644,education,1
1645,lego,1
1646,nektome,0
1647,ericsson,0
1648,cloudlite,0
1649,enjoycss,0
1650,1world,1
1651,гиктаймс,0
1652,webzilla,0
1653,quick,1
1654,resto,0
1655,сметаcloud,0
1656,пин,1
1657,третий,0
1658,conf,0
1659,squeek,0
1660,ile,0
1661,pibox,0
1662,belrr,0
1663,lamoda,0
1664,landata,0
1665,appnestic,0
1666,invent,1
1667,ddosinsurance,0
1668,startad,1
1669,antilatency,0
1670,recovery,0
1671,storelab,0
1672,synology,0
1673,lexy,0
1674,куик,0
1675,процессинг,0
1676,flaby,0
1677,molgav,0
1678,integrator,1
1679,bell,1
1680,инетер,0
1681,концепт,0
1682,вест,0
1683,hashsales,0
1684,brainlook,0
1685,taggy,1
1686,starttospeak,0
1687,fidonet,0
1688,икра,1
1689,anve,0
1690,агентство,1
1691,видеоинтеллект,1
1692,стратегический,1
1693,ооо,1
1694,jarvisjs,0
1695,wallet,1
1696,easy,0
1697,fixico,0
1698,ангел,1
1699,apoi,1
1700,callbackrating,0
1701,techtunnel,0
1702,theron,0
1703,goquests,0
1704,1c,1
1705,smmframe,0
1706,связной,0
1707,экспресс,0
1708,moscowjs,0
